{"firstName":"Floris","lastName":"Gruijter","age":21,"hobbies":["Gaming","Programming"],"email":"f.t.degruijter@students.uu.nl","photo":"images\\ftg.jpg","major":"Computer science","courses":["{\"title\":\"Webtech\",\"teacher\":\"{\\\"firstName\\\":\\\"Sergey\\\",\\\"lastName\\\":\\\"Sosnovsky\\\"}\",\"description\":\"Course about webtech.\"}", "{\"title\":\"Software Project\",\"teacher\":\"{\\\"firstName\\\":\\\"Hieke\\\",\\\"lastName\\\":\\\"Keuning\\\"}\",\"description\":\"Course where you make a software project at the end of your bachelor.\"}"]}
