{"firstName":"Abracha",
"lastName":"Koens",
"age":22,"hobbies":["Gaming","Programming"],
"email":"a.i.s.koens@students.uu.nl",
"photo":"images\\ak.jpeg",
"major":"Computer science",
"courses":["{\"title\":\"Webtech\",\"teacher\":\"{\\\"firstName\\\":\\\"Sergey\\\",\\\"lastName\\\":\\\"Sosnovsky\\\"}\",\"description\":\"Course about webtech.\"}",
"{\"title\":\"Databases\",\"teacher\":\"{\\\"firstName\\\":\\\"Adam\\\",\\\"lastName\\\":\\\"Adams\\\"}\",\"description\":\"Course about databases.\"}"]
}
